file,line,pattern,classification,context
data/collected/hardware_session_20260902_171313_labelled.md,15,0\.0000,HISTORICAL,"| at_rest | 59 | 1.0409 - 1.0603 | 0.0113 - 0.0349 | 0.0107 - 0.0335 | -1.2782 - 1.3059 | 15.6250 - 250.0000 | 0.909 | 0.789314 | ALERT=5, ALLOW=54 |"
data/collected/hardware_session_20260902_171313_labelled.md,16,0\.0000,HISTORICAL,| gentle_tap | 28 | 0.7960 - 2.3391 | 0.0447 - 2.5420 | 0.0428 - 1.6694 | -1.5207 - 2.3844 | 15.6250 - 46.8750 | 0.909 | 0.000003 | ALERT=28 |
data/collected/hardware_session_20260902_171313_labelled.md,17,0\.0000,HISTORICAL,| moderate_shake | 33 | 0.6247 - 3.1850 | 0.1018 - 2.3731 | 0.0747 - 1.1248 | -1.6411 - 6.5729 | 15.6250 - 46.8750 | 0.909 | 0.000003 | ALERT=33 |
data/collected/hardware_session_20260902_171313_labelled.md,18,0\.0000,HISTORICAL,| tilt_rotate | 32 | 0.5455 - 2.9939 | 0.1402 - 2.1675 | 0.0684 - 1.4494 | -1.5947 - 6.0319 | 15.6250 - 78.1250 | 0.908 | 0.000003 | ALERT=32 |
data/collected/hardware_session_20260902_171313_labelled.md,37,0\.0000,HISTORICAL,- `dominant_freq`: 15.6250 to 250.0000
data/collected/hardware_session_20260902_173108_labelled.md,15,0\.0000,HISTORICAL,| at_rest | 18 | 1.0424 - 1.0519 | 0.0111 - 0.0341 | 0.0106 - 0.0324 | -0.9085 - 1.2296 | 15.6250 - 250.0000 | n/a (no gateway match) | n/a (no gateway match) | n/a (no gateway match) |
data/collected/hardware_session_20260902_173108_labelled.md,31,0\.0000,HISTORICAL,- `dominant_freq`: 15.6250 to 250.0000
data/collected/hardware_session_20260902_221217_labelled.md,16,0\.0000,HISTORICAL,"| at_rest | 55 | 1.0172 - 1.0619 | 0.0115 - 0.0768 | 0.0110 - 0.0746 | -1.2862 - 1.2622 | 15.6250 - 250.0000 | 0.909 | 0.589334 | ALERT=13, ALLOW=42 |"
data/collected/hardware_session_20260902_221217_labelled.md,17,0\.0000,HISTORICAL,| fault_strong | 23 | 0.7827 - 3.0773 | 0.2963 - 2.1814 | 0.1053 - 1.6799 | -1.5097 - 5.1663 | 15.6250 - 31.2500 | 0.904 | 0.000033 | ALERT=23 |
data/collected/hardware_session_20260902_221217_labelled.md,36,0\.0000,HISTORICAL,- `dominant_freq`: 15.6250 to 250.0000
design/READINESS.md,14,20 physical,HISTORICAL,| SW-420 physical demo | NOT VERIFIED | DEMO_CHECKLIST.md | One physical identity; VALIDATION/TEST pending |
design/READINESS.md,68,20 physical,HISTORICAL,"Research constraints, reconciled 2026-09-07: Task-2 SUPPORTED BUT WEAKER; B0 network-level count; configured M6 serving with unresolved comparative/training/policy lineage; physical M6 validation pending; one MPU6050 and one SW-420 physical identity; SW held-out sessions pending; 20-node constructed benchmark; Security and Process Trust separate until policy."
docs/06_module5_access_control.md,6,full RL,HISTORICAL,"> **2026-09-05 audit update:** The live default is a contextual bandit (USE_RL_POLICY), not full RL. P6 is only the best constrained static grid point; P5 also meets the saved test bounds and scores higher macro-F1. Quarantine remains off."
docs/10_testing_and_attack_simulation.md,21,reinforcement learning,HISTORICAL,"> not reinforcement learning** — scores macro-F1 **0.5271**, beating the"
docs/12_model_validation_and_justification.md,481,reinforcement learning,HISTORICAL,> **not reinforcement learning and not Q-learning**: the update is
docs/CLAIM_EVIDENCE_MATRIX.md,44,0\.3958,HISTORICAL,"| **Metric** | TEST accuracy: B0 global count **0.3958**, B1 concat logistic **0.5433** (+0.1475), B2 concat MLP **0.5267** (+0.1309), GNN output-vector head **0.5375** (+0.1417). B1 is the strongest observed TEST comparison; GNN has the highest VALIDATION accuracy (0.5475). |"
docs/CLAIM_EVIDENCE_MATRIX.md,46,0\.3958,HISTORICAL,"| **Allowed** | ""In the current constructed 20-node benchmark, concat logistic regression achieved Task-2 accuracy 0.5433 versus 0.3958 for a global anomalous-node-count baseline."" |"
docs/CLAIM_EVIDENCE_MATRIX.md,51,GNN superiority,HISTORICAL,## C3 — GNN superiority is not established
docs/CLAIM_EVIDENCE_MATRIX.md,58,0\.3958,HISTORICAL,"| **Task 2** | TEST accuracy: B1 **0.5433** > GNN **0.5375** > B2 **0.5267** > B0 **0.3958**. There is no separate B3 Task-2 classifier. ""GNN loses to every simple baseline on both tasks"" is withdrawn. |"
docs/CLAIM_EVIDENCE_MATRIX.md,102,0\.0000,HISTORICAL,"| Result | Macro-F1 P3 0.6453, P2 0.5614, P5 0.5271, P4 0.4410, P6 0.2777, P1 0.2744. P3 false-block 0.1510; P2 ALERT recall 0.5850. P5 ALERT recall 0.9600 / false-block 0.0000; P6 0.9900 / 0.0000. |"
docs/CLAIM_EVIDENCE_MATRIX.md,104,reinforcement learning,HISTORICAL,| Disallowed | “P6 is the best constrained policy overall”; “full reinforcement learning”; silently replacing the configured bandit with a benchmark candidate. |
docs/CLAIM_EVIDENCE_MATRIX.md,151,PENDING_REAL_HARDWARE_DATA,HISTORICAL,| **Limitation** | `esp32-vib-002` contributes real TRAIN rows only; its VALIDATION/TEST network records are still `PENDING_REAL_HARDWARE_DATA` and excluded from every metric. So the network as *evaluated* on VALIDATION/TEST is 1 fully-real + 18 simulated + 1 TRAIN-only-real/pending-elsewhere. RESULTS.md §0.13.18.2/§0.13.19 measured a concrete cost of this gap and corrected an earlier misdiagnosis of it. |
docs/CLAIM_EVIDENCE_MATRIX.md,165,two MPU6050,HISTORICAL,"| **Disallowed** | ""Validated across two MPU6050 sensors."" |"
docs/ENVIRONMENT.md,141,PENDING_REAL_HARDWARE_DATA,HISTORICAL,"still carries `source_type: ""PENDING_REAL_HARDWARE_DATA""` and is excluded"
docs/EXPERIMENTAL_PROTOCOL.md,31,PENDING_REAL_HARDWARE_DATA,HISTORICAL,"| 02 | `esp32-vib-002` | REAL in TRAIN, PENDING_REAL_HARDWARE_DATA in VALIDATION/TEST | ESP32 + SW-420 vibration switch (GPIO4) | 4: trigger_rate, duty_cycle, burst_max_ms, inter_event_cv |"
docs/FINAL_PROJECT_VERIFICATION.md,31,two MPU6050,AUDIT EVIDENCE / historical or scoped current,"[TRAIN ONLY] First physical capture `20260905_162002` contains 321 rows, including 140 all-zero resting readings. Four-channel checkpoints exist. Physical VALIDATION/TEST are absent. Neither two MPU6050 devices nor same-modality manufacturing generalization can be claimed. Exact flashed firmware/build provenance remains incomplete."
docs/FINAL_PROJECT_VERIFICATION.md,55,0\.3958,AUDIT EVIDENCE / historical or scoped current,"**SUPPORTED BUT WEAKER.** B0 is a global anomalous-node count; B1/B2 are indexed concatenated logistic/MLP representations. The misleading `GNN_node_embeddings` label contains final scalar GCN scores plus a logistic head. Corrected TEST accuracy: B0 0.3958, B1 0.5433, B2 0.5267, GCN-score 0.5375. B0-to-B2 delta is +0.1309; prior 20-node delta +0.1325 and 10-node values remain historical. Indexed context improves over a count here; GNN necessity or superiority is unsupported. Cardinality, masking and changed upstream training are not causally separated."
docs/FINAL_PROJECT_VERIFICATION.md,111,reinforcement learning,AUDIT EVIDENCE / historical or scoped current,"Runtime defaults to a fixed offline contextual bandit; the static two-score table remains available. This is not sequential reinforcement learning. Saved P5/P6 results have Macro-F1 0.5271/0.2777, false-block rate 0/0, ALERT recall 0.96/0.99, and BLOCK recall 0/0. P6 uses declared validation constraints; P5 was not fit with the same constrained search. Both meet those bounds descriptively on TEST, but P6 is not globally best. Wall-clock trust decay complicates exact replay unless timestamps are controlled."
docs/FINAL_PROJECT_VERIFICATION.md,131,reinforcement learning,AUDIT EVIDENCE / historical or scoped current,"Do not claim twenty physical devices, two MPU6050s, deployed M6 fusion, GNN necessity/superiority, full reinforcement learning, general population realism, low physical false-alarm reliability, formal graph-equivariance failure, 98% held-out repair quality, or complete acquisition-to-enforcement latency. No novel/first-in-literature claim is authorized without verified related work."
docs/FINAL_PROJECT_VERIFICATION.md,131,two MPU6050,AUDIT EVIDENCE / historical or scoped current,"Do not claim twenty physical devices, two MPU6050s, deployed M6 fusion, GNN necessity/superiority, full reinforcement learning, general population realism, low physical false-alarm reliability, formal graph-equivariance failure, 98% held-out repair quality, or complete acquisition-to-enforcement latency. No novel/first-in-literature claim is authorized without verified related work."
docs/paper/00_PAPER_MASTER_GUIDE.md,21,reinforcement learning,HISTORICAL / SUPERSEDED / PROHIBITED CLAIM (explicit context),"Do not claim twenty physical devices, two MPU6050 devices, physical end-to-end M6 validation, verified runtime-M6 superiority, full reinforcement learning, compliance certification, graph necessity or population-level generator realism. Runtime M6 class weights include inactive placeholders; benchmark masking evidence does not validate this trainer. Read the [claim gate](17_CLAIM_EVIDENCE_MATRIX.md) and [open items](25_OPEN_ITEMS_BEFORE_SUBMISSION.md) before drafting the Abstract."
docs/paper/00_PAPER_MASTER_GUIDE.md,21,two MPU6050,HISTORICAL / SUPERSEDED / PROHIBITED CLAIM (explicit context),"Do not claim twenty physical devices, two MPU6050 devices, physical end-to-end M6 validation, verified runtime-M6 superiority, full reinforcement learning, compliance certification, graph necessity or population-level generator realism. Runtime M6 class weights include inactive placeholders; benchmark masking evidence does not validate this trainer. Read the [claim gate](17_CLAIM_EVIDENCE_MATRIX.md) and [open items](25_OPEN_ITEMS_BEFORE_SUBMISSION.md) before drafting the Abstract."
docs/paper/13_RESULTS_MASTER_TABLES.md,536,0\.6567,CURRENT,| early_10_node | ba562f7 | 10 | B2_concat_mlp | 0.6567 | 0.6475 |
docs/paper/13_RESULTS_MASTER_TABLES.md,537,0\.4142,CURRENT,| early_10_node | ba562f7 | 10 | B0_anomalous_node_count | 0.4142 | 0.4592 |
docs/paper/13_RESULTS_MASTER_TABLES.md,540,0\.6567,CURRENT,| rebuilt_10_node | de3654a | 10 | B2_concat_mlp | 0.6567 | 0.6492 |
docs/paper/13_RESULTS_MASTER_TABLES.md,541,0\.4175,CURRENT,| rebuilt_10_node | de3654a | 10 | B0_anomalous_node_count | 0.4175 | 0.4575 |
docs/paper/13_RESULTS_MASTER_TABLES.md,544,0\.5283,CURRENT,| pre_audit_20_node | 162d4a6 | 20 | B2_concat_mlp | 0.5283 | 0.5333 |
docs/paper/13_RESULTS_MASTER_TABLES.md,545,0\.3958,CURRENT,| pre_audit_20_node | 162d4a6 | 20 | B0_anomalous_node_count | 0.3958 | 0.3833 |
docs/paper/13_RESULTS_MASTER_TABLES.md,549,0\.3958,CURRENT,| corrected_20_node | 4f6afa2 | 20 | B0_anomalous_node_count | 0.3958 | 0.3833 |
docs/paper/13_RESULTS_MASTER_TABLES.md,553,0\.3958,CURRENT,| CURRENT + M6 (2026-09-07) | 4f6afa2 + nonfinite hardening + M6 arm | 20 | B0_anomalous_node_count | 0.3958 | 0.3833 |
docs/paper/13_RESULTS_MASTER_TABLES.md,558,0\.3958,HISTORICAL / SUPERSEDED / PROHIBITED CLAIM (explicit context),"B0 Task 2 counts network anomalies, B1 is indexed concatenated logistic regression, B2 is indexed concatenated MLP; `GNN_node_embeddings` actually concatenates final scalar GCN scores before a logistic head. Corrected B0→B2 is 0.3958→0.5267 (delta +0.1309); pre-fix B2 0.5283 (delta +0.1325). B1 0.5433 exceeds GCN-score 0.5375 numerically. Verdict: SUPPORTED BUT WEAKER for indexed representation versus count; no graph-superiority claim."
docs/paper/13_RESULTS_MASTER_TABLES.md,558,0\.5283,HISTORICAL / SUPERSEDED / PROHIBITED CLAIM (explicit context),"B0 Task 2 counts network anomalies, B1 is indexed concatenated logistic regression, B2 is indexed concatenated MLP; `GNN_node_embeddings` actually concatenates final scalar GCN scores before a logistic head. Corrected B0→B2 is 0.3958→0.5267 (delta +0.1309); pre-fix B2 0.5283 (delta +0.1325). B1 0.5433 exceeds GCN-score 0.5375 numerically. Verdict: SUPPORTED BUT WEAKER for indexed representation versus count; no graph-superiority claim."
docs/paper/17_CLAIM_EVIDENCE_MATRIX.md,18,full RL,CURRENT,| C12 constrained policy | evaluate_policy_comparison; policy metrics | SUPPORTING offline evidence | Six policy comparators were evaluated on shared two-score inputs; P6 obeys declared selection constraints | Full RL; P6 globally best; production false-block guarantee | SAFE FOR RESULTS/DISCUSSION |
docs/paper/17_CLAIM_EVIDENCE_MATRIX.md,20,two MPU6050,CURRENT,| C14 heterogeneous hardware demonstration | Firmware/captures/splits; fresh MPU replay | PRELIMINARY; SW TRAIN only | Captures exist from an MPU6050 node and an SW-420 node; held-out evaluation is MPU-only | Two MPU6050s; same-modality manufacturing generalization | SAFE FOR INTRODUCTION WITH QUALIFIER |
docs/paper/18_LIMITATIONS_AND_THREATS_TO_VALIDITY.md,43,20 physical,HISTORICAL / SUPERSEDED / PROHIBITED CLAIM (explicit context),"These defects and fixes bound the corrected comparisons in `docs/paper/13_RESULTS_MASTER_TABLES.md` O4/O5 and the split claims in `docs/paper/17_CLAIM_EVIDENCE_MATRIX.md`; they do not change the frozen M1–M9 benchmark numbers. Historical hardware/explanation logs describe the GCN-era chain and remain reproducible via explicit pinning (default `gcn`); the deployed policy Q-table's provenance is now clean and reproducible as of the 2026-09-07 final pass. Physical heavy-shake through the webpage remains unverified. Missing model artifacts can trigger neutral/mean fallback despite valid transport startup. Firmware broker-certificate verification is incomplete/unvalidated across modalities. Replay state and revocation durability are limited; the 600-second freshness tolerance is a demonstration accommodation. Simulation keys are deterministically derived public research credentials and unsuitable as production identities. HTTPS is substituted for CoAP. Historical stage latency excludes network transit, acquisition and SQLite persistence. Standards mappings are not certification. SW-420 physical VALIDATION/TEST data does not exist as of this pass -- unchanged by the corrected-M6 promotion, and not invented here."
docs/paper/20_RELATED_WORK_POSITIONING.md,16,full RL,HISTORICAL / SUPERSEDED / PROHIBITED CLAIM (explicit context),"| Contextual-bandit security policy | Context, reward estimation, constraints and sequential decision assumptions | Offline sample-average bandit with two-score state; not full RL |"
docs/paper/22_PAPER_READY_FACTSHEET.md,20,0\.3958,CURRENT,"| Task2 | B0 count0.3958; B2 indexed MLP0.5267; B1 indexed LR0.5433; GCN-score vector0.5375; corrected-M6 arm 0.5983 (best of five, 2026-09-07); [13 N](13_RESULTS_MASTER_TABLES.md) |"
docs/paper/23_TERMINOLOGY_AND_NOTATION.md,36,full RL,HISTORICAL / SUPERSEDED / PROHIBITED CLAIM (explicit context),"Avoid “full RL” (use offline contextual bandit), “20 physical nodes” (use 20-node constructed benchmark), “two MPU6050 devices” (name both modalities), and “GNN embeddings” for the Task-2 scalar-score vector. “Deployed M6” must specify configured serving versus directly observed physical deployment; standalone benchmark numbers are not runtime-checkpoint numbers. SHAP is valid here because LinearExplainer/TreeExplainer are actually computed; use log-odds for fusion SHAP. A hand-computed linear contribution without a SHAP computation must not be called SHAP. Historical identifiers remain for reproducibility."
docs/paper/23_TERMINOLOGY_AND_NOTATION.md,36,two MPU6050,HISTORICAL / SUPERSEDED / PROHIBITED CLAIM (explicit context),"Avoid “full RL” (use offline contextual bandit), “20 physical nodes” (use 20-node constructed benchmark), “two MPU6050 devices” (name both modalities), and “GNN embeddings” for the Task-2 scalar-score vector. “Deployed M6” must specify configured serving versus directly observed physical deployment; standalone benchmark numbers are not runtime-checkpoint numbers. SHAP is valid here because LinearExplainer/TreeExplainer are actually computed; use log-odds for fusion SHAP. A hand-computed linear contribution without a SHAP computation must not be called SHAP. Historical identifiers remain for reproducibility."
docs/paper/23_TERMINOLOGY_AND_NOTATION.md,36,20 physical,HISTORICAL / SUPERSEDED / PROHIBITED CLAIM (explicit context),"Avoid “full RL” (use offline contextual bandit), “20 physical nodes” (use 20-node constructed benchmark), “two MPU6050 devices” (name both modalities), and “GNN embeddings” for the Task-2 scalar-score vector. “Deployed M6” must specify configured serving versus directly observed physical deployment; standalone benchmark numbers are not runtime-checkpoint numbers. SHAP is valid here because LinearExplainer/TreeExplainer are actually computed; use log-odds for fusion SHAP. A hand-computed linear contribution without a SHAP computation must not be called SHAP. Historical identifiers remain for reproducibility."
docs/paper/25_OPEN_ITEMS_BEFORE_SUBMISSION.md,16,20 physical,HISTORICAL / SUPERSEDED / PROHIBITED CLAIM (explicit context),"- Resolve each claim-scoped physical gap or omit the claim: SW-420 physical VALIDATION/TEST are pending; MPU resting false alarms remain 5/12; no physical M6 acquisition-to-enforcement trial is recorded. **STILL OPEN** — unchanged by the corrected-M6 promotion, not invented here. These gaps prohibit heterogeneous held-out accuracy, low physical FPR and validated live-M6 claims; they do not prevent writing the bounded paper."
docs/paper/25_OPEN_ITEMS_BEFORE_SUBMISSION.md,22,20 physical,HISTORICAL / SUPERSEDED / PROHIBITED CLAIM (explicit context),"- SW-420 physical VALIDATION/TEST, MPU 5/12 resting false alarms, and no physical M6 acquisition-to-enforcement trial (see above) remain the live physical-evidence gaps."
docs/PAPER_GNN_BASELINE_VERIFICATION.md,31,0\.3958,AUDIT EVIDENCE / historical or scoped current,> compared with 0.3958 for a global anomalous-node-count baseline. Concat MLP
docs/PAPER_GNN_BASELINE_VERIFICATION.md,42,GNN superiority,AUDIT EVIDENCE / historical or scoped current,**C3: GNN superiority is not established.** The GCN loses to B0/B1/B2 on
docs/PAPER_GNN_BASELINE_VERIFICATION.md,75,0\.4175,AUDIT EVIDENCE / historical or scoped current,| B0 global anomalous-node count | 0.4142 | 0.4175 | 0.3958 | 0.3958 |
docs/PAPER_GNN_BASELINE_VERIFICATION.md,75,0\.4142,AUDIT EVIDENCE / historical or scoped current,| B0 global anomalous-node count | 0.4142 | 0.4175 | 0.3958 | 0.3958 |
docs/PAPER_GNN_BASELINE_VERIFICATION.md,75,0\.3958,AUDIT EVIDENCE / historical or scoped current,| B0 global anomalous-node count | 0.4142 | 0.4175 | 0.3958 | 0.3958 |
docs/PAPER_GNN_BASELINE_VERIFICATION.md,77,0\.6567,AUDIT EVIDENCE / historical or scoped current,| B2 concat MLP | 0.6567 | 0.6567 | 0.5283 | 0.5267 |
docs/PAPER_GNN_BASELINE_VERIFICATION.md,77,0\.5283,AUDIT EVIDENCE / historical or scoped current,| B2 concat MLP | 0.6567 | 0.6567 | 0.5283 | 0.5267 |
docs/PAPER_GNN_BASELINE_VERIFICATION.md,84,0\.6567,AUDIT EVIDENCE / historical or scoped current,0.6567 concealed the difference. `de3654a` changed adjacency masking and rebuilt
docs/PAPER_READINESS_VERIFICATION.md,82,20 physical,HISTORICAL,M6 policy retrain with recorded producing hashes; SW-420 physical VALIDATION/TEST
docs/REPOSITORY_AUDIT.md,128,reinforcement learning,AUDIT EVIDENCE / historical or scoped current,"### 2.6 — ""RL policy"" is not reinforcement learning (MEDIUM)"
docs/REPOSITORY_AUDIT.md,145,reinforcement learning,AUDIT EVIDENCE / historical or scoped current,`train_adaptive_pdp.py` and the manuscript all call it reinforcement learning.
docs/REVIEW_RESPONSE_TRACKER.md,33,PENDING_REAL_HARDWARE_DATA,AUDIT EVIDENCE / historical or scoped current,| **Remaining limitation** | C1–C4 require both boards publishing simultaneously. Until then every node-02 row is `PENDING_REAL_HARDWARE_DATA` and excluded. **Command is in the protocol doc §7.2.** |
docs/REVIEW_RESPONSE_TRACKER.md,78,GNN superiority,AUDIT EVIDENCE / historical or scoped current,| **Status** | `COMPLETED` for the pending-content cross-review of local main `4f6afa2`; reporting corrections in RESULTS §0.13.25. GNN superiority is not established. |
docs/REVIEW_RESPONSE_TRACKER.md,81,0\.3958,AUDIT EVIDENCE / historical or scoped current,"| **Current evidence** | Task-1 TEST F1: B0 0.9708, B1 0.7371, B2 **0.9174**, B3 0.3082, GNN 0.5865. Task-2 TEST accuracy: B0 0.3958, B1 **0.5433**, B2 0.5267, GNN 0.5375. B2 Task-1 F1 fell from **0.9662**, with FP 28→270. |"
docs/REVIEW_RESPONSE_TRACKER.md,82,0\.4175,AUDIT EVIDENCE / historical or scoped current,"| **Historical discrepancy resolved** | Earlier 10-node numbers (B0 T2 0.4142, B1 0.6433, B2 0.6567, GNN 0.6058; B2 T1 0.9852) belong to `ba562f7:results/gnn_baselines/metrics.json`. Later 10-node numbers (0.4175, 0.6533, 0.6567, 0.6117; B2 T1 0.9823) belong to `de3654a` at the same path, after a chain rebuild and GNN masking fix. Both are genuine historical runs, not rounding alternatives. See the full ledger in `docs/PAPER_GNN_BASELINE_VERIFICATION.md`. |"
docs/REVIEW_RESPONSE_TRACKER.md,82,0\.6567,AUDIT EVIDENCE / historical or scoped current,"| **Historical discrepancy resolved** | Earlier 10-node numbers (B0 T2 0.4142, B1 0.6433, B2 0.6567, GNN 0.6058; B2 T1 0.9852) belong to `ba562f7:results/gnn_baselines/metrics.json`. Later 10-node numbers (0.4175, 0.6533, 0.6567, 0.6117; B2 T1 0.9823) belong to `de3654a` at the same path, after a chain rebuild and GNN masking fix. Both are genuine historical runs, not rounding alternatives. See the full ledger in `docs/PAPER_GNN_BASELINE_VERIFICATION.md`. |"
docs/REVIEW_RESPONSE_TRACKER.md,82,0\.4142,AUDIT EVIDENCE / historical or scoped current,"| **Historical discrepancy resolved** | Earlier 10-node numbers (B0 T2 0.4142, B1 0.6433, B2 0.6567, GNN 0.6058; B2 T1 0.9852) belong to `ba562f7:results/gnn_baselines/metrics.json`. Later 10-node numbers (0.4175, 0.6533, 0.6567, 0.6117; B2 T1 0.9823) belong to `de3654a` at the same path, after a chain rebuild and GNN masking fix. Both are genuine historical runs, not rounding alternatives. See the full ledger in `docs/PAPER_GNN_BASELINE_VERIFICATION.md`. |"
docs/REVIEW_RESPONSE_TRACKER.md,162,reinforcement learning,AUDIT EVIDENCE / historical or scoped current,"| **Terminology** | Corrected throughout: it is a **contextual bandit with sample-average action-value estimation**, not reinforcement learning. No discount factor, no next-state bootstrapping, reward a fixed function of (state, action). `RL_*` config names retained to avoid a ~20-site rename; the method is described correctly in the docstring, the spec, and the manuscript. |"
METHODOLOGY.md,185,0\.3958,HISTORICAL,"0.3958 for B0, 0.5433 for concat logistic, 0.5267 for concat MLP and 0.5375"
METHODOLOGY.md,364,0\.0000,HISTORICAL,Verified on live hardware: shaking the board drove `s_proc` to 0.00001 across 16
METHODOLOGY.md,368,reinforcement learning,HISTORICAL,### 3.5 Adaptive policy (contextual bandit — not reinforcement learning)
METHODOLOGY.md,371,reinforcement learning,HISTORICAL,"action-value estimation**, not reinforcement learning: there is no discount"
METHODOLOGY.md,406,0\.0000,HISTORICAL,0.9600 and false-block 0.0000. P6 constrained static is 0.2777 with recall
METHODOLOGY.md,407,0\.0000,HISTORICAL,0.9900 and false-block 0.0000; P1 static is 0.2744. Thus P6 is the best feasible
METHODOLOGY.md,623,0\.3958,HISTORICAL,"GNN 0.5375, B2 0.5267 and B0 0.3958. B0 is a global count; the evidence"
METHODOLOGY.md,646,0\.0000,HISTORICAL,A violently shaken board moved `s_proc` to 0.00001 while `s_sec` held 0.895–0.909
PRD.md,107,0\.0000,HISTORICAL,"| G1 | Separate cyber and physical trust so opposite failures get opposite responses | **Met** — proven live: a shaken authenticated board drives Process to 0.00001 while Security holds 0.895–0.909 (`RESULTS.md` §1, 0.10.17) |"
PRD.md,256,0\.3958,HISTORICAL,"| FR-P2 | The ensemble MUST include a relational signal (graph or set/concatenated alternative) capable of detecting cross-device anomalies | Current constructed Task-2 TEST accuracy: global count B0 0.3958, concat logistic B1 **0.5433**, concat MLP B2 0.5267, GNN 0.5375. B0 already sees all valid nodes through a count; a literal single-device comparison is pending. Task-1 B2 F1 fell materially from **0.9662 to 0.9174** after masking correction; GNN F1 is 0.5865, above B3 0.3082 but below B0/B1/B2. No statistical superiority or causal network-size claim. Historical runs and current evidence: `docs/PAPER_GNN_BASELINE_VERIFICATION.md`, RESULTS §0.13.25, C2/C3. | **Signal present; indexed-versus-count observation supported; graph superiority unestablished** |"
PRD.md,383,0\.0000,HISTORICAL,A violently shaken authenticated board drives Process to 0.00001 while Security
PRD.md,403,0\.3958,HISTORICAL,"accuracy: B1 0.5433, GNN 0.5375, B2 0.5267, B0 global count 0.3958."
PRD.md,413,reinforcement learning,HISTORICAL,"one. It is a contextual bandit, not reinforcement learning (C6)."
README.md,49,GNN superiority,HISTORICAL,"| Legacy GCN | Superseded as the deployed relational scorer by M6 (2026-09-07); corrected ablations and topology probes do not support a general GNN superiority claim. A fair, clean-provenance GCN policy baseline was retrained for the final policy comparison (`adaptive_pdp_qtable_gcn_corrected.json`). Prior fusion artifacts retained (`models/*_gcn_backup.*`) for reproducibility. |"
results/final_verification/hardware_temporal_review.md,32,PENDING_REAL_HARDWARE_DATA,AUDIT EVIDENCE / historical or scoped current,"| `esp32-vib-002` | 1 | SW-420: trigger_rate, duty_cycle, burst_max_ms, inter_event_cv | REAL | PENDING_REAL_HARDWARE_DATA |"
results/final_verification/research_review.md,13,0\.0000,AUDIT EVIDENCE / historical or scoped current,"2. **The permutation probe is not a joint graph permutation/equivariance test.** It permutes `X`, leaves adjacency in the original slot order, then inverse-permutes outputs (`benchmark_crossdevice_models.py:1324-1346`). This tests sensitivity to reassigning device features among fixed topology slots. A true graph relabelling test must apply `PAP^T` to adjacency together with `PX` and compare `P f(A,X)` to `f(PAP^T,PX)`. Therefore the JSON key `structural_probes.permutation_max_abs_score_delta` can safely be called **fixed-topology slot-reassignment sensitivity**, not lack of permutation equivariance. Its values are M3 `0.000001`, M4 `0.926169`, M5 `0.058649`, M6/M7/M8 `0.0`."
results/final_verification/research_review.md,17,GNN superiority,AUDIT EVIDENCE / historical or scoped current,"4. **Task-2 cannot establish GNN superiority.** Test accuracies are B0 `0.3958`, B1 `0.5433`, B2 `0.5267`, and GCN-score vector `0.5375` (`gnn_baselines/metrics.json.task2_network_coordination_pattern`). B1 is numerically highest on test, while GCN is highest on validation (`0.5475` versus B1 `0.5375`). The code prints the test winner at lines 528-529; that is acceptable as post-hoc description, but not model selection. Correct novelty/result claim: indexed whole-network score vectors improve over a one-dimensional anomalous-node count on this fixed split; the GCN-derived score vector does not beat concatenated logistic regression."
results/final_verification/research_review.md,17,0\.3958,AUDIT EVIDENCE / historical or scoped current,"4. **Task-2 cannot establish GNN superiority.** Test accuracies are B0 `0.3958`, B1 `0.5433`, B2 `0.5267`, and GCN-score vector `0.5375` (`gnn_baselines/metrics.json.task2_network_coordination_pattern`). B1 is numerically highest on test, while GCN is highest on validation (`0.5475` versus B1 `0.5375`). The code prints the test winner at lines 528-529; that is acceptable as post-hoc description, but not model selection. Correct novelty/result claim: indexed whole-network score vectors improve over a one-dimensional anomalous-node count on this fixed split; the GCN-derived score vector does not beat concatenated logistic regression."
results/final_verification/research_review.md,34,0\.0000,AUDIT EVIDENCE / historical or scoped current,| M4 GCN | 0.150 | 1059 | 1052 | 20248 | 441 | 0.5017 | 0.7060 | 0.5865 | 0.0494 | 0.7755 | 0.9458 | 0.0000 | 0.7844 |
results/final_verification/research_review.md,68,0\.0000,AUDIT EVIDENCE / historical or scoped current,"- On this fixed 20-node hybrid test corpus, M6 had the best single-seed Task-1 F1 (`0.9810`) and M4 performed poorly on isolated anomalies (`0.0000` recall at its validation-selected max-F1 threshold)."
results/gcn_m6_corrected_comparison/summary.md,33,20 physical,AUDIT EVIDENCE / historical or scoped current,- SW-420 physical VALIDATION/TEST still doesn't exist (not invented here).
results/m6_corrected_policy/summary.md,9,0\.0000,AUDIT EVIDENCE / historical or scoped current,"| GCN + matched GCN fusion (clean, deterministic) | 0.5303 | 0.7863 | 0.7259 | 0.0000 | 0.0007 |"
results/m6_corrected_policy/summary.md,10,0\.0000,AUDIT EVIDENCE / historical or scoped current,| Corrected M6 + matched corrected-M6 fusion | 0.5332 | 0.7900 | 0.7307 | 0.0000 | 0.0007 |
results/m6_corrected_policy/summary.md,25,0\.0000,AUDIT EVIDENCE / historical or scoped current,| BLOCK | 33 | 0.0000 | 0.0000 | 0.0000 | 0 | 0 | 33 |
results/m6_corrected_policy/summary.md,34,0\.0000,AUDIT EVIDENCE / historical or scoped current,| BLOCK | 33 | 0.0000 | 0.0000 | 0.0000 | 0 | 0 | 33 |
RESULTS.md,18,GNN superiority,HISTORICAL,"> the real-hardware 0/49 false-positive rate, GNN superiority, and adaptive-policy"
RESULTS.md,532,0\.0000,HISTORICAL,38 ALERT      0.900  0.000  0.000  0.021  0.00001  0.909   <- board picked up and shaken
RESULTS.md,534,0\.0000,HISTORICAL,73 ALERT      0.900  0.000  0.000  0.021  0.00001  0.909
RESULTS.md,539,0\.0000,HISTORICAL,together and `proc` reads 0.00001. Widening the resting region (ADR-18) cost
RESULTS.md,542,0\.0000,HISTORICAL,0.00001.
RESULTS.md,838,reinforcement learning,HISTORICAL,reinforcement learning (C6).
RESULTS.md,969,0\.0000,HISTORICAL,`proc = 0.00001` and a continuous ALERT. The board was not stuck (28 distinct
RESULTS.md,993,0\.0000,HISTORICAL,| live periodic source | 14 | **0.0000** | **14/14** | 0.0000 | 14/14 |
RESULTS.md,1394,0\.6567,HISTORICAL,| B2 concat MLP | 0.6475 | **0.6567** |
RESULTS.md,1397,0\.4142,HISTORICAL,| B0 anomalous-node count | 0.4592 | 0.4142 |
RESULTS.md,1403,0\.6567,HISTORICAL,"single-node view cannot answer even in principle, accuracy rises 0.4142 → 0.6567."
RESULTS.md,1403,0\.4142,HISTORICAL,"single-node view cannot answer even in principle, accuracy rises 0.4142 → 0.6567."
RESULTS.md,1430,0\.0000,HISTORICAL,| P3 decision tree | 0.4722 | 0.5834 | 0.6183 | **0.5272** | 0.0000 |
RESULTS.md,1431,0\.0000,HISTORICAL,| P5 adaptive bandit | 0.7300 | 0.5329 | 0.7896 | 0.0000 | 0.0007 |
RESULTS.md,1433,0\.0000,HISTORICAL,| P1 static (deployed) | 0.6577 | 0.2744 | 0.7029 | 0.0000 | 0.0000 |
RESULTS.md,1436,reinforcement learning,HISTORICAL,"reinforcement learning** — no discount factor, no next-state bootstrapping,"
RESULTS.md,1443,0\.0000,HISTORICAL,| P1 static | 0 | 0 | 33 | 0.0000 | 0.0000 |
RESULTS.md,1444,0\.0000,HISTORICAL,| P2 static optimised | 0 | 14 | 33 | 0.0000 | 0.0000 |
RESULTS.md,1447,0\.0000,HISTORICAL,| P5 adaptive bandit | 0 | 0 | 33 | 0.0000 | 0.0000 |
RESULTS.md,1643,0\.0000,HISTORICAL,| M4 GCN | 0.8625 | 0.7550 | 0.1700 | 0.0025 | **0.0000** |
RESULTS.md,1687,0\.0000,HISTORICAL,M3 deep sets        0.000000    invariant
RESULTS.md,1688,0\.0000,HISTORICAL,M6 set transformer  0.000000    invariant
RESULTS.md,1689,0\.0000,HISTORICAL,M7 NP-ST            0.000000    invariant
RESULTS.md,1732,0\.0000,HISTORICAL,| P3 decision tree | 0.7770 | **0.6453** | 0.8398 | **0.1510** | 0.0000 | 0.9850 |
RESULTS.md,1734,0\.0000,HISTORICAL,| P5 adaptive bandit | 0.7238 | 0.5271 | 0.7846 | 0.0000 | 0.0022 | 0.9600 |
RESULTS.md,1736,0\.0000,HISTORICAL,| P6 static constrained | 0.6662 | 0.2777 | 0.7088 | 0.0000 | 0.0000 | 0.9900 |
RESULTS.md,1737,0\.0000,HISTORICAL,| P1 static (deployed) | 0.6577 | 0.2744 | 0.7029 | 0.0000 | 0.0000 | 0.9900 |
RESULTS.md,1762,0\.0000,HISTORICAL,| **P6 constrained** | 0.05 | 0.5 | **0.2777** | **0.9900** | 0.0000 |
RESULTS.md,1774,GNN superiority,HISTORICAL,withdrawn.** §0.12.3 already withdrew GNN superiority against same-information
RESULTS.md,1885,0\.0000,HISTORICAL,Deep Sets. M8 is also exactly permutation-invariant (max |Δ| = 0.000000) and
RESULTS.md,1899,PENDING_REAL_HARDWARE_DATA,HISTORICAL,`PENDING_REAL_HARDWARE_DATA` rows only). Every cross-device number in §0.13.3
RESULTS.md,1980,0\.0000,HISTORICAL,"| M6, M3 | either | 0.0000 | — | — | flat by construction |"
RESULTS.md,2241,PENDING_REAL_HARDWARE_DATA,HISTORICAL,"PENDING=0`, previously 100% `PENDING_REAL_HARDWARE_DATA`). VALIDATION/TEST"
RESULTS.md,2275,0\.1467,HISTORICAL,| M1 concat_mlp | 0.9785 / 1.0000 | 0.9802 / 0.8867 | ~~0.9538 / 0.1467~~ |
RESULTS.md,2276,0\.0000,HISTORICAL,| M2 grad_boosting | 0.9820 / 0.9933 | 0.9474 / **0.0000** | ~~0.9474 / 0.0000~~ |
RESULTS.md,2278,0\.0000,HISTORICAL,| M4 gcn | 0.8814 / 0.0067 | 0.8811 / 0.0267 | **0.5865 / 0.0000** (still current — see note above) |
RESULTS.md,2292,0\.0000,HISTORICAL,test isolated-anomaly recall from 0.0267 to 0.0000. This is not a new
RESULTS.md,2319,0\.1467,HISTORICAL,"At 20 nodes, M1's isolated recall fell 0.9800→0.1467 and M2's fell to"
RESULTS.md,2320,0\.0000,HISTORICAL,"**exactly 0.0000** — investigated directly rather than left as noise, because"
RESULTS.md,2357,PENDING_REAL_HARDWARE_DATA,HISTORICAL,`PENDING_REAL_HARDWARE_DATA` placeholder — but appending a feature does not
RESULTS.md,2395,0\.0000,HISTORICAL,| M4 gcn | 0.5865 | 0.0000 | 0.7844 |
RESULTS.md,2405,0\.1467,HISTORICAL,recall recovers from 0.1467 to **1.0000** and M2's from 0.0000 to **0.9800**
RESULTS.md,2405,0\.0000,HISTORICAL,recall recovers from 0.1467 to **1.0000** and M2's from 0.0000 to **0.9800**
RESULTS.md,2440,20 physical,HISTORICAL,"representation in this constructed benchmark, not 20 physical devices."
RESULTS.md,2469,0\.4175,HISTORICAL,| B0 anomalous-node count | 0.4175 | 0.3958 |
RESULTS.md,2469,0\.3958,HISTORICAL,| B0 anomalous-node count | 0.4175 | 0.3958 |
RESULTS.md,2471,0\.6567,HISTORICAL,| B2 concat MLP | **0.6567** | **0.5283** |
RESULTS.md,2471,0\.5283,HISTORICAL,| B2 concat MLP | **0.6567** | **0.5283** |
RESULTS.md,2475,0\.3958,HISTORICAL,"20-node benchmark (single-node 0.3958 → concat-MLP 0.5283, a ~0.13 delta),"
RESULTS.md,2475,0\.5283,HISTORICAL,"20-node benchmark (single-node 0.3958 → concat-MLP 0.5283, a ~0.13 delta),"
RESULTS.md,2477,0\.4175,HISTORICAL,"10-node experiment (0.4175 → 0.6567, a ~0.24 delta). The 10→20 change"
RESULTS.md,2477,0\.6567,HISTORICAL,"10-node experiment (0.4175 → 0.6567, a ~0.24 delta). The 10→20 change"
RESULTS.md,2518,20 physical,HISTORICAL,real measured values. Not 20 physical devices.
RESULTS.md,2630,0\.0000,HISTORICAL,"| M4 gcn | 0.7755 | 0.5017 | 0.0494 | 0.0000 | 0.7844 | 0.9458 | 1,217 | 0.5560 |"
RESULTS.md,2649,0\.0000,HISTORICAL,"that reason. `M4_gcn` remains the clear outlier (isolated recall 0.0000),"
RESULTS.md,2748,0\.4175,HISTORICAL,| B0 anomalous-node count | 0.4175 | 0.3958 | 0.3958 (unchanged) |
RESULTS.md,2748,0\.3958,HISTORICAL,| B0 anomalous-node count | 0.4175 | 0.3958 | 0.3958 (unchanged) |
RESULTS.md,2750,0\.6567,HISTORICAL,| B2 concat MLP | 0.6567 | 0.5283 | 0.5267 |
RESULTS.md,2750,0\.5283,HISTORICAL,| B2 concat MLP | 0.6567 | 0.5283 | 0.5267 |
RESULTS.md,2789,0\.3958,HISTORICAL,Task-2 TEST accuracy B0/B1/B2/GNN = **0.3958/0.5433/0.5267/0.5375**.
RESULTS.md,3097,reinforcement learning,HISTORICAL,not reinforcement learning (C6).
SESSION_LOG.md,2711,0\.0000,HISTORICAL,38 ALERT      0.900  0.000  0.000  0.021  0.00001  0.909   <- board picked up and shaken
SESSION_LOG.md,2713,0\.0000,HISTORICAL,73 ALERT      0.900  0.000  0.000  0.021  0.00001  0.909
SESSION_LOG.md,2718,0\.0000,HISTORICAL,together and `proc` reads 0.00001. Widening the resting region (ADR-18) cost
SESSION_LOG.md,2721,0\.0000,HISTORICAL,0.00001.
SESSION_LOG.md,3045,0\.0000,HISTORICAL,while Process floored at 0.00001); anomaly rank vs instrument rank; and seed
SESSION_LOG.md,3057,0\.0000,HISTORICAL,**The board was reading `proc = 0.00001` on every message and cycling
SESSION_LOG.md,3083,0\.0000,HISTORICAL,| live periodic source | 14 | **0.0000** | **14/14** |
SESSION_LOG.md,3183,GNN superiority,HISTORICAL,- **GNN superiority and necessity are withdrawn.** Given the same multi-device
SESSION_LOG.md,3191,reinforcement learning,HISTORICAL,"sample-average action-value estimation, not reinforcement learning."
ZERO_TRUST_CPS_KB.md,1057,0\.3958,HISTORICAL,"(FP 28→270). Task-2 TEST accuracy: global count 0.3958, concat logistic"
ZERO_TRUST_CPS_KB.md,1069,0\.6567,HISTORICAL,0.9852/0.8381; Task-2 B0/B1/B2/GNN 0.4142/0.6433/0.6567/0.6058).
ZERO_TRUST_CPS_KB.md,1069,0\.4142,HISTORICAL,0.9852/0.8381; Task-2 B0/B1/B2/GNN 0.4142/0.6433/0.6567/0.6058).
ZERO_TRUST_CPS_KB.md,1072,0\.4175,HISTORICAL,"0.4175/0.6533/0.6567/0.6117). Earlier unlabeled comparisons were stale,"
ZERO_TRUST_CPS_KB.md,1072,0\.6567,HISTORICAL,"0.4175/0.6533/0.6567/0.6117). Earlier unlabeled comparisons were stale,"
ZERO_TRUST_CPS_KB.md,1087,reinforcement learning,HISTORICAL,"action-value estimation, not reinforcement learning** (no discount factor, no"
